{"cameraMode":{"drawMode":0,"name":"Shaded","section":"Shading Mode"},"sceneLighting":false,"audioPlay":false,"sceneViewState":{"m_AlwaysRefresh":false,"showFog":false,"showSkybox":false,"showFlares":false,"showImageEffects":false,"showParticleSystems":false,"showVisualEffectGraphs":true,"m_FxEnabled":true},"in2DMode":false,"pivot":{"x":0.004722118377685547,"y":1.038993239402771,"z":0.02390725165605545},"rotation":{"x":0.01594572514295578,"y":-0.9494470357894898,"z":0.3097020387649536,"w":0.048884667456150058},"size":1.0739624500274659,"orthographic":false}