{"cameraMode":{"drawMode":0,"name":"Shaded","section":"Shading Mode"},"sceneLighting":true,"audioPlay":false,"sceneViewState":{"m_AlwaysRefresh":false,"showFog":true,"showSkybox":true,"showFlares":true,"showImageEffects":true,"showParticleSystems":true,"showVisualEffectGraphs":true,"m_FxEnabled":true},"in2DMode":false,"pivot":{"x":-278.35137939453127,"y":2.2223424911499025,"z":94.08647155761719},"rotation":{"x":-0.15473806858062745,"y":-0.8280394673347473,"z":0.2770875096321106,"w":-0.46226048469543459},"size":13.118636131286621,"orthographic":false}